{
  "name": "tinycolor",
  "repository": "bgrins/TinyColor",
  "version": "1.4.1",
  "main": "tinycolor.js",
  "scripts": [
    "tinycolor.js"
  ],
  "license": "MIT",
  "ignore": [
    "test"
  ],
  "homepage": "https://github.com/bgrins/TinyColor",
  "_release": "1.4.1",
  "_resolution": {
    "type": "version",
    "tag": "1.4.1",
    "commit": "80f7225029c428c0de0757f7d98ac15f497bee57"
  },
  "_source": "https://github.com/bgrins/TinyColor.git",
  "_target": "~1.4.1",
  "_originalSource": "tinycolor"
}