{
  "name": "bootstrap-colorpickersliders",
  "title": "Bootstrap Color Picker Sliders",
  "description": "Bootstrap 3 optimized responsive color selector with HSV, HSL, RGB and CIE-Lch (which supports human perceived lightness) selectors and color swatches.",
  "keywords": [
    "colorpicker",
    "bootstrap",
    "input",
    "responsive",
    "color",
    "picker",
    "widget",
    "colorchooser"
  ],
  "version": "3.0.1",
  "author": {
    "name": "István Ujj-Mészáros",
    "url": "https://github.com/istvan-ujjmeszaros"
  },
  "licenses": [
    {
      "type": "Apache License v2.0",
      "url": "http://www.apache.org/licenses/LICENSE-2.0"
    }
  ],
  "homepage": "http://www.virtuosoft.eu/code/bootstrap-colorpickersliders/",
  "demo": "http://www.virtuosoft.eu/code/bootstrap-colorpickersliders/",
  "docs": "http://www.virtuosoft.eu/code/bootstrap-colorpickersliders/",
  "download": "https://github.com/istvan-ujjmeszaros/bootstrap-colorpickersliders/archive/master.zip",
  "dependencies": {
    "jquery": ">=1.7"
  }
}