{
  "name": "particle-api-js",
  "homepage": "https://github.com/spark/particle-api-js",
  "authors": [
    "Bryce Kahle <bryce@particle.io>"
  ],
  "description": "Particle API JavaScript library",
  "main": "dist/particle.min.js",
  "moduleType": [
    "amd",
    "globals",
    "node"
  ],
  "keywords": [
    "particle",
    "IoT"
  ],
  "license": "LGPL-3.0",
  "ignore": [
    "**/.*",
    "node_modules",
    "bower_components",
    "test",
    "tests"
  ],
  "repository": {
    "type": "git",
    "url": "git://github.com/spark/particle-api-js.git"
  },
  "version": "5.3.0",
  "_release": "5.3.0",
  "_resolution": {
    "type": "version",
    "tag": "v5.3.0",
    "commit": "99729f6d582ef06565e2d6f557378f6e3a303e73"
  },
  "_source": "https://github.com/spark/particle-api-js.git",
  "_target": "~5.3.0",
  "_originalSource": "particle-api-js"
}